<?xml version="1.0" encoding="UTF-8"?>
<project-private xmlns="http://www.netbeans.org/ns/project-private/1">
    <editor-bookmarks xmlns="http://www.netbeans.org/ns/editor-bookmarks/2" lastBookmarkId="1">
        <file>
            <url>src/lab10/Lab10.java</url>
            <bookmark id="1">
                <name/>
                <line>9</line>
                <key/>
            </bookmark>
        </file>
    </editor-bookmarks>
    <open-files xmlns="http://www.netbeans.org/ns/projectui-open-files/2">
        <group>
            <file>file:/C:/Users/Student/Documents/NetBeansProjects/Lab10/src/lab10/Okienko.java</file>
            <file>file:/C:/Users/Student/Documents/NetBeansProjects/Lab10/src/lab10/Notatnik.java</file>
        </group>
    </open-files>
</project-private>
